{
  "experiment": "Judgment vs Execution",
  "timestamp": "2026-02-03T20:17:29.065771",
  "n_runs": 100,
  "hypotheses": {
    "H1": {
      "description": "Execution amplifies variance",
      "result": true
    },
    "H2": {
      "description": "Judgment alone no catastrophe",
      "result": true
    },
    "H3": {
      "description": "Structure compresses variance",
      "result": true
    }
  },
  "metrics": {
    "A": {
      "agent": "A",
      "mean": 3.0,
      "std": 0.0,
      "iqr": 0.0,
      "catastrophic_rate": 0.0,
      "avg_time_to_action": 10,
      "n_runs": 100,
      "outcomes": [
        3.0,
        3.0,
        3.0,
        3.0,
        3.0,
        3.0,
        3.0,
        3.0,
        3.0,
        3.0,
        3.0,
        3.0,
        3.0,
        3.0,
        3.0,
        3.0,
        3.0,
        3.0,
        3.0,
        3.0,
        3.0,
        3.0,
        3.0,
        3.0,
        3.0,
        3.0,
        3.0,
        3.0,
        3.0,
        3.0,
        3.0,
        3.0,
        3.0,
        3.0,
        3.0,
        3.0,
        3.0,
        3.0,
        3.0,
        3.0,
        3.0,
        3.0,
        3.0,
        3.0,
        3.0,
        3.0,
        3.0,
        3.0,
        3.0,
        3.0,
        3.0,
        3.0,
        3.0,
        3.0,
        3.0,
        3.0,
        3.0,
        3.0,
        3.0,
        3.0,
        3.0,
        3.0,
        3.0,
        3.0,
        3.0,
        3.0,
        3.0,
        3.0,
        3.0,
        3.0,
        3.0,
        3.0,
        3.0,
        3.0,
        3.0,
        3.0,
        3.0,
        3.0,
        3.0,
        3.0,
        3.0,
        3.0,
        3.0,
        3.0,
        3.0,
        3.0,
        3.0,
        3.0,
        3.0,
        3.0,
        3.0,
        3.0,
        3.0,
        3.0,
        3.0,
        3.0,
        3.0,
        3.0,
        3.0,
        3.0
      ]
    },
    "B": {
      "agent": "B",
      "mean": 4.502608768444768,
      "std": 2.4321378385760806,
      "iqr": 3.3834763097060443,
      "catastrophic_rate": 0.11,
      "avg_time_to_action": 7.75,
      "n_runs": 100,
      "outcomes": [
        6.925352579202314,
        0.050831987251446775,
        4.925576062829316,
        4.1209116885098895,
        0.254964478357787,
        6.406946807333082,
        0,
        5.186194052523092,
        6.866273902093085,
        0,
        8.313920919493986,
        4.210228084306932,
        3.8078861744868475,
        3.1936221927626245,
        2.4207628707666258,
        10,
        2.5987435070059908,
        3.73826987491539,
        5.558159728252514,
        1.958830851902376,
        6.990986284157552,
        5.50453608719967,
        6.009008175810202,
        0.8132620590670686,
        10,
        4.949753675559922,
        2.107790727581878,
        1.5874072752300008,
        5.713499377593013,
        3.614943518665248,
        0.9112159226613409,
        4.1765580029600065,
        7.489952584314422,
        5.517270270365085,
        3.8068677701368356,
        3.6546385671817925,
        1.531665926647532,
        2.5230449031694366,
        3.0161262867365,
        3.579285124913179,
        7.223388701270911,
        4.2879620990386105,
        3.988183130627462,
        4.755937313431183,
        4.190261823418276,
        5.941766730756988,
        0.4687718160680904,
        3.7718429155443567,
        7.618148796471186,
        3.670889566260174,
        5.295459502746796,
        5.296936020244235,
        5.921840323135109,
        2.9569824559273967,
        2.0224915623825974,
        3.2555560124171823,
        8.035760219151989,
        7.88885806554267,
        3.039251548641203,
        3.9461173047741256,
        6.2136462088417215,
        6.950386500220138,
        2.622651704568753,
        1.9688102071202684,
        7.131822927734049,
        1.1441170026880754,
        5.558870625537073,
        2.9480267874576658,
        3.6044071334777006,
        2.9723816293403127,
        8.46394822304078,
        6.1476467116703954,
        8.058628386283255,
        1.9425448092630715,
        8.352948707814893,
        0.346821511958017,
        6.196338691898116,
        0.25798649796460127,
        6.340458765633441,
        6.557579774278857,
        4.212585325573703,
        5.626699752876476,
        5.2261657278830995,
        7.837467071990592,
        4.383989048937281,
        7.541759138214783,
        7.230203885650201,
        3.8430219143204845,
        5.663156303235043,
        7.28293481931691,
        7.012079694122859,
        3.4930024454646826,
        6.0333342717738025,
        1.8058964559781212,
        0,
        3.1498293721514257,
        0.7164361143025935,
        6.51521050936016,
        5.3874767162858905,
        5.907911260452994
      ]
    },
    "C": {
      "agent": "C",
      "mean": 5.60792266520842,
      "std": 1.7939779608201631,
      "iqr": 1.5594553430107831,
      "catastrophic_rate": 0.02,
      "avg_time_to_action": 4.02,
      "n_runs": 100,
      "outcomes": [
        6.040189397534295,
        6.664212132791912,
        4.925576062829316,
        6.929271156309546,
        6.784220978307687,
        5.60773043421991,
        6.8423990361231155,
        5.596635628134219,
        6.0208700659829635,
        5.3071024058172735,
        10,
        8.026766174286003,
        5.510064423190206,
        4.934583590985223,
        5.494621957877943,
        5.739926266796532,
        7.001919001133857,
        0,
        0.7262877237004733,
        6.211722716622944,
        6.895758503281247,
        6.079583382256384,
        9.713470164108637,
        2.7250127412863465,
        5.9687167153536,
        5.8239000030136,
        5.11378966747727,
        4.615908435609897,
        6.047654470382705,
        8.121728790658251,
        5.944672324751819,
        6.2784929389543365,
        6.198397275574341,
        5.015177864286484,
        6.495394339452644,
        6.503974731049087,
        5.861377253187207,
        6.210836760270207,
        2.81025256609567,
        4.294037761755468,
        7.374753523818995,
        6.016809258816959,
        5.842433298205403,
        4.199910892626127,
        6.011331278346818,
        4.6720545700041445,
        7.502214318763112,
        6.942299077146556,
        6.647181241889896,
        5.783703448638416,
        5.168083779811472,
        6.768078323646735,
        4.935938996441861,
        9.992186622990314,
        6.2185961585536145,
        0,
        6.233047591290513,
        6.339002597048157,
        5.156263376951492,
        6.024547803719036,
        6.779425927869955,
        6.220023104587234,
        8.638314878540928,
        5.301059218583898,
        0,
        5.1421535338779005,
        7.777640851019418,
        3.2536989515738646,
        4.9147060697600065,
        5.045898462436396,
        1.6430652983653653,
        6.249941633665232,
        5.530011695386995,
        5.297597173605651,
        6.241270197840154,
        4.856344475945271,
        3.5489423799298603,
        5.045814979138431,
        5.787684039020079,
        5.383438278505953,
        8.122343315995243,
        4.781658273963579,
        4.929737148606222,
        3.043884906391632,
        7.501539642988115,
        4.569956795306217,
        5.352871702278411,
        4.851875127793201,
        5.663156303235043,
        3.446903636252209,
        6.657140263628577,
        7.697946739007437,
        6.0333342717738025,
        6.365713859265842,
        5.634919281894653,
        5.625495916101246,
        3.0714161584064144,
        4.947855184572985,
        6.17292444638747,
        4.753890397182875
      ]
    },
    "D": {
      "agent": "D",
      "mean": 5.833195808371607,
      "std": 1.1367099757428523,
      "iqr": 1.1928771449050277,
      "catastrophic_rate": 0.0,
      "avg_time_to_action": 4.14,
      "n_runs": 100,